{
  "project_info": {
    "project_number": "473022323349",
    "firebase_url": "https://hives-56dd0.firebaseio.com",
    "project_id": "hives-56dd0",
    "storage_bucket": "hives-56dd0.appspot.com"
  },
  "client": [
    {
      "client_info": {
        "mobilesdk_app_id": "1:473022323349:android:08667f3d02d672c5",
        "android_client_info": {
          "package_name": "redlab66.Hive.io"
        }
      },
      "oauth_client": [
        {
          "client_id": "473022323349-n0l57u47bbddb8jig50qm55p0cb72aa6.apps.googleusercontent.com",
          "client_type": 1,
          "android_info": {
            "package_name": "redlab66.Hive.io",
            "certificate_hash": "b59c7bfceb0a03bf36f729854f8da0a9cf1f23ca"
          }
        },
        {
          "client_id": "473022323349-5rq5vuknq81sru6iv7ql8u086sttqb9u.apps.googleusercontent.com",
          "client_type": 3
        }
      ],
      "api_key": [
        {
          "current_key": "AIzaSyB16TAMfNVtomGKEfq6W21Hm3M46KfmlzM"
        }
      ],
      "services": {
        "analytics_service": {
          "status": 1
        },
        "appinvite_service": {
          "status": 2,
          "other_platform_oauth_client": [
            {
              "client_id": "473022323349-5rq5vuknq81sru6iv7ql8u086sttqb9u.apps.googleusercontent.com",
              "client_type": 3
            },
            {
              "client_id": "473022323349-749loinenpi3hh485mg8juo0fjde9thq.apps.googleusercontent.com",
              "client_type": 2,
              "ios_info": {
                "bundle_id": "redlab66.Hive.io"
              }
            }
          ]
        },
        "ads_service": {
          "status": 2
        }
      }
    }
  ],
  "configuration_version": "1"
}